Coefficient,Estimate,Est.Error,Q2.5,Q97.5
Intercept,-2.5594770786932513,0.12664156603250562,-2.809575343364431,-2.3169053518137273
density,-0.0019526586955913522,0.0016002447211540562,-0.005095764200421333,0.001228950052580487
speciesS,0.17345429548236121,0.1884929916801469,-0.19941988824938517,0.5380757372869232
speciesC,0.23360593230940335,0.1872960322305291,-0.13454049566270448,0.5997652557844355
density:speciesS,-0.007622986309308729,0.002569944530778532,-0.012707036472765504,-0.0024486243473988115
density:speciesC,-0.00547086642717769,0.002488956839324765,-0.010378549419704794,-5.435501907376241e-4
